title,company,location,link
"Senior software engineer (Typescript, Nextjs, Python, Docker/k8s, Kafka, AWS)",EverQuote Inc.,No office location,https://stackoverflow.com/jobs/385234
Frontend Developer - React,Blink,"London, UK",https://stackoverflow.com/jobs/456258
Senior Backend Engineer (m/w/d),Finanzchef24 GmbH,"München, Germany",https://stackoverflow.com/jobs/456199
Web Frontend Product Engineer that loves UI/UX,coco studios GmbH,"Berlin, Deutschland",https://stackoverflow.com/jobs/456006
Staff Software Engineer - Full-stack/Front-end,Realtor.com,"Richmond, BC, Canada",https://stackoverflow.com/jobs/455956
Senior Front-End Developer (React) - solve interesting problems from home!,Ascent,No office location,https://stackoverflow.com/jobs/455766
Backend Engineer,"Volusion, LLC","Austin, TX",https://stackoverflow.com/jobs/443235
Save the Pony from the hungry Domokun and join our Business Systems Team!,Trustpilot,"Copenhagen, Denmark",https://stackoverflow.com/jobs/240561
Senior Frontend Developer,Deep Impact AG,"Winterthur, Switzerland",https://stackoverflow.com/jobs/429658
Senior/Staff Quality Assurance Automation Engineer - International Forward Deployed Engineering,Indeed,Singapore,https://stackoverflow.com/jobs/401798
Typescript + React Engineer at Fully Remote Startup,"Shogun Labs, Inc",No office location,https://stackoverflow.com/jobs/427849
Frontend Developer E-Commerce (m/w/d),Peek & Cloppenburg KG Düsseldorf,"Düsseldorf, Deutschland",https://stackoverflow.com/jobs/427245
Front End Developer (Mid to Senior Level),DEEP FRIED ADVERTISING LLC,"New Orleans, LA",https://stackoverflow.com/jobs/436338
Senior Backend Engineer,"Volusion, LLC","Austin, TX",https://stackoverflow.com/jobs/443231
Fullstack (React/Node/PHP/MySQL) Developer for a Trending Music Company (Remote),"eMastered, LLC",No office location,https://stackoverflow.com/jobs/416121
Principal Software Engineer - International Business Unit,Indeed,Singapore,https://stackoverflow.com/jobs/451048
Javascript Frontend Developer (m/f/d) // Insurtech,GetSafe GmbH,"Heidelberg, Deutschland",https://stackoverflow.com/jobs/425427
Seasoned Full Stack Engineer,MotoRefi,"Arlington, VA",https://stackoverflow.com/jobs/402770
Sr. React Engineer for Digital Consumer Products,Superformula,No office location,https://stackoverflow.com/jobs/203714
Senior/Staff Full Stack Software Engineer - International Business Unit,Indeed,Singapore,https://stackoverflow.com/jobs/401797
Junior Javascript (Web) Engineer (m/f/x) onsite in Germany,Scalable Capital GmbH,"München, Deutschland",https://stackoverflow.com/jobs/447551
Frontend Engineer (m/f/x) onsite or remote (anywhere in Germany or UK),Scalable Capital GmbH,"München, Deutschland",https://stackoverflow.com/jobs/447531
React Developer (Experienced),ICF Tech Hungary,"Budapest, Hungary",https://stackoverflow.com/jobs/308369
Lead software engineer (full-stack JS/TS),Didask,"Bagnolet, France",https://stackoverflow.com/jobs/400612
Cx/Growth Full Stack Engineer,Freedom Financial Network,"Tempe, AZ",https://stackoverflow.com/jobs/446779
Fullstack Software Engineer,KI group GmbH,"Lisbon, Portugal",https://stackoverflow.com/jobs/432935
Engineering Manager,Mercari,"Tokyo, Japan",https://stackoverflow.com/jobs/446534
Software Engineer,Mercari,"Tokyo, Japan",https://stackoverflow.com/jobs/446533
"Senior Web Developer, AEC Integration",Esri,"Paris, France",https://stackoverflow.com/jobs/446360
Senior Frontend Developer - React.js & Node.js,Durstexpress GmbH,"Berlin, Germany",https://stackoverflow.com/jobs/364915
Frontend Engineer,Mollie,"Amsterdam, Netherlands",https://stackoverflow.com/jobs/445390
Web Engineer - Backend,Canva,"Sydney, Australia",https://stackoverflow.com/jobs/445291
Senior Frontend Developer,Wayhome,"London, UK",https://stackoverflow.com/jobs/445275
